Group,Name,Class,ID,Unlock Level,Min System Req,Min Wave Req,Store Tags,Description,Entity Type,Ingots Cost,Raw Ingots,Purchase Type,Cost DC,Raw Cost DC,Starting DC,Max DC,HP,Shields,Cannon #,Cannon AOE,Cannon ROF,Cannon Dmg,Resource Drop Mod,Max Harv #,Harv Build Time,Harv Cost DC,Harv HP,Harv Spd,Harv Acc,Harv Haul Cap,Harv DC Gen,Salvge Mass,Astroid Mass,Harv Brave,Max Fighter #,Fighter Build Time,Fighter Cost DC,Fighter HP,Fighter Target Types,Fighter Rng,Fighter Dps,Wpn Dmg,Wpn Pulse,Wpn Pulse Delay,Wpn Cooldown,Fighter Spd,Fighter Acc,Bomb Dps,Resource Drops,Cred Drops,Resource Weight,Resource Value,Score Value
Star Patrol Command Ship,,,,,,,,,,,,,,,,,,,,,,,,,,,,,,,,,,,,,,,,,,,,,,,,,,,,,
,EEF Retribution,Command Ship ,SPC_0,1,1,,,Strikefleet Omega Command Ship,capitalship,80,180,alloy,880,880,170,300,2000,,0,50,0.5,15,1,3,10,7,50,28,150,2,5,1,2,Low,3,3,12,100,"enemyf=1,enemyb=0.25,enemyc=.25",100,17,6,2,0.1,0.5,72,150,,,,,,
,,,SPC_1,1,1,,,Strikefleet Omega Command Ship,capitalship,20,18,alloy,880,800,170,300,2200,,0,50,0.5,15,1,3,10,7,50,28,150,2,5,1,2,Low,4,3,12,100,"enemyf=1,enemyb=0.25,enemyc=.25",100,17,6,2,0.1,0.5,72,150,,,,,,
,,,SPC_2,1,1,,,Strikefleet Omega Command Ship,capitalship,44,27,alloy,880,810,170,300,2200,,0,50,0.5,15,1,3,10,7,50,28,150,2,5,1,2,Low,5,3,12,100,"enemyf=1,enemyb=0.25,enemyc=.25",100,17,6,2,0.1,0.5,72,150,,,,,,
,,,SPC_3,1,1,,,Strikefleet Omega Command Ship,capitalship,76,36,alloy,880,950,170,300,2600,,0,50,0.5,15,1,3,10,7,50,28,150,2,5,1,2,Low,5,3,12,100,"enemyf=1,enemyb=0.25,enemyc=.25",100,17,6,2,0.1,0.5,72,150,,,,,,
,,,SPC_4,1,1,,,Strikefleet Omega Command Ship,capitalship,116,45,alloy,880,950,170,300,2600,,0,50,1,15,1,4,10,7,50,28,150,2,5,1,2,Low,5,3,12,100,"enemyf=1,enemyb=0.25,enemyc=.25",100,17,6,2,0.1,0.5,72,150,,,,,,
,,,SPC_5,1,1,,,Strikefleet Omega Command Ship,capitalship,164,54,alloy,880,970,170,350,2600,,0,50,1,15,1,4,10,7,50,28,150,2,5,1,2,Low,6,3,12,100,"enemyf=1,enemyb=0.25,enemyc=.25",100,17,6,2,0.1,0.5,72,150,,,,,,
,,,SPC_6,1,1,,,Strikefleet Omega Command Ship,capitalship,220,63,alloy,880,970,170,400,2600,,0,50,1,15,1,5,10,7,50,28,150,2,5,1,2,Low,6,3,12,100,"enemyf=1,enemyb=0.25,enemyc=.25",100,17,6,2,0.1,0.5,72,150,,,,,,
,,,SPC_7,1,1,,,Strikefleet Omega Command Ship,capitalship,284,72,alloy,880,1110,170,450,3000,,0,50,1,15,1,5,10,7,50,28,150,2,5,1,2,Low,6,3,12,100,"enemyf=1,enemyb=0.25,enemyc=.25",100,17,6,2,0.1,0.5,72,150,,,,,,
,,,SPC_8,1,1,,,Strikefleet Omega Command Ship,capitalship,356,81,alloy,880,1120,170,500,3000,,0,50,1,15,1,5,10,7,50,28,150,2,5,1,2,Low,7,3,12,100,"enemyf=1,enemyb=0.25,enemyc=.25",100,17,6,2,0.1,0.5,72,150,,,,,,
,,,,,,,,,,,,,,,,,,,,,,,,,,,,,,,,,,,,,,,,,,,,,,,,,,,,,
,,,,,,,,,,,,,,,,,,,,,,,,,,,,,,,,,,,,,,,,,,,,,,,,,,,,,
Gunships,,,,,,,,,,,,,1.6,,,,,,,,,,,,,,,,,,,,,,,,,,,,,,,,,,,,,,,,
,Nobel Class,Gunship,Gunship_Basic_0,3,8,,cannon,Fires 1 area-effect artillery strike,capitalship,60,90,alloy,280,450,,,500,,1,50,0.5,15,1,,,,,,,,,,,,,,,,,,,,,,,,,,,,,,
,,,Gunship_Basic_1,3,8,,cannon,Fires 1 area-effect artillery strike,capitalship,73,13,alloy,280,330,,,600,,1,50,0.5,15,1,,,,,,,,,,,,,,,,,,,,,,,,,,,,,,
,,,Gunship_Basic_2,3,8,,cannon,Fires 1 area-effect artillery strike,capitalship,120,25,alloy,280,450,,,600,,1,50,1,15,1,,,,,,,,,,,,,,,,,,,,,,,,,,,,,,
,,,Gunship_Basic_3,3,8,,cannon,Fires 1 area-effect artillery strike,capitalship,32,33,creds,280,580,,,750,,1,50,1,20,1,,,,,,,,,,,,,,,,,,,,,,,,,,,,,,
,,,,,,,,,,,,,,,,,,,,,,,,,,,,,,,,,,,,,,,,,,,,,,,,,,,,,
,Atomic Class,Heavy Gunship,Gunship_Atomic_0,10,8,,cannon,Fires 2 area effect artillery strikes,capitalship,209,140,alloy,430,690,,,500,,2,50,0.5,15,1,,,,,,,,,,,,,,,,,,,,,,,,,,,,,,
,,,Gunship_Atomic_1,10,8,,cannon,Fires 2 area effect artillery strikes,capitalship,232,19,alloy,430,450,,,600,,2,50,0.5,15,1,,,,,,,,,,,,,,,,,,,,,,,,,,,,,,
,,,Gunship_Atomic_2,10,8,,cannon,Fires 2 area effect artillery strikes,capitalship,273,50,alloy,430,700,,,600,,2,50,1,15,1,,,,,,,,,,,,,,,,,,,,,,,,,,,,,,
,,,Gunship_Atomic_3,10,8,,cannon,Fires 2 area effect artillery strikes,capitalship,47,60,creds,430,920,,,750,,2,50,1,20,1,,,,,,,,,,,,,,,,,,,,,,,,,,,,,,
,,,,,,,,,,,,,,,,,,,,,,,,,,,,,,,,,,,,,,,,,,,,,,,,,,,,,
,Fission Class,Assault Gunship,Gunship_Fission_0,15,9,80,cannon,Fires 3 high-damage area effect artillery strikes,capitalship,320,230,alloy,480,1160,,,600,,3,50,0.5,20,1,,,,,,,,,,,,,,,,,,,,,,,,,,,,,,
,,,Gunship_Fission_1,15,9,80,cannon,Fires 3 high-damage area effect artillery strikes,capitalship,355,33,alloy,480,730,,,700,,3,50,0.5,20,1,,,,,,,,,,,,,,,,,,,,,,,,,,,,,,
,,,Gunship_Fission_2,15,9,80,cannon,Fires 3 high-damage area effect artillery strikes,capitalship,420,64,alloy,480,980,,,700,,3,50,0.5,30,1,,,,,,,,,,,,,,,,,,,,,,,,,,,,,,
,,,Gunship_Fission_3,15,9,80,cannon,Fires 3 high-damage area effect artillery strikes,capitalship,52,157,creds,480,1780,,,850,,3,50,1,30,1,,,,,,,,,,,,,,,,,,,,,,,,,,,,,,
,,,,,,,,,,,,,,,,,,,,,,,,,,,,,,,,,,,,,,,,,,,,,,,,,,,,,
,,,,,,,,,,,,,,,,,,,,Beam Lifetime,Beam Cooldown,DPS,,,,,,,,,,,,,,,,,,,,,,,,,,,,,,,
,Tesla Class,Adv. PPC Gunship,Gunship_Tesla_0,4,9,,cannon,Energy Beam heavily damages everything in its path,capitalship,100,35,creds,450,2340,,,500,,1,0.5,15,1200,1.5,,,,,,,,,,,,,,,,,,,,,,,,,,,,,,
,,,Gunship_Tesla_1,4,9,,cannon,Energy Beam heavily damages everything in its path,capitalship,40,5,creds,450,2770,,,500,,1,0.5,13,1200,1.5,,,,,,,,,,,,,,,,,,,,,,,,,,,,,,
,,,Gunship_Tesla_2,4,9,,cannon,Energy Beam heavily damages everything in its path,capitalship,60,15,creds,450,2400,,,600,,1,0.5,11,1200,1.5,,,,,,,,,,,,,,,,,,,,,,,,,,,,,,
,,,Gunship_Tesla_3,4,9,,cannon,Energy Beam heavily damages everything in its path,capitalship,90,30,creds,450,1850,,,750,,1,0.5,8,1200,1.5,,,,,,,,,,,,,,,,,,,,,,,,,,,,,,
,,,,,,,,,,,,,,,,,,,,,,,,,,,,,,,,,,,,,,,,,,,,,,,,,,,,,
,,,,,,,,,,,,,,,,,,,,,,,,,,,,,,,,,,,,,,,,,,,,,,,,,,,,,
,,,,,,,,,,,,,,,,,,,,,,,,,,,,,,,,,,,,,,,,,,,,,,,,,,,,,
,,,,,,,,,,,,,,,,,,,,,,,,,,,,,,,,,,,,,,,,,,,,,,,,,,,,,
,,,,,,,,,,,,,,,,,,,,,,,,,,,,,,,,,,,,,,,,,,,,,,,,,,,,,
,,,,,,,,,,,,,,,,,,,,,,,,,,,,,,,,,,,,,,,,,,,,,,,,,,,,,
,,,,,,,,,,,,,,,,,,,,,,,,,,,,,,,,,,,,,,,,,,,,,,,,,,,,,
,,,,,,,,,,,,,,,,,,,,,,,,,,,,,,,,,,,,,,,,,,,,,,,,,,,,,
,,,,,,,,,,,,,,,,,,,,,,,,,,,,,,,,,,,,,,,,,,,,,,,,,,,,,
Carriers,,,,,,,,,,,,,2,,,,,,,,,,,,,,,,,,,,,,,,,,,,,,,,,,,,,,,,
,Lancer Class,Starfighter Carrier,Fighter_Basic_0,2,3,,fighter,Deploys Standard Starfighters,capitalship,39,70,alloy,170,339,,,700,,,,,,,,,,,,,,,,,,5,3,12,100,"enemyf=1,enemyb=0.25,enemyc=.25",100,17,6,2,0.1,0.5,72,150,,,,,,
,,,Fighter_Basic_1,2,3,,fighter,Deploys Standard Starfighters,capitalship,46,7,alloy,170,305,,,700,,,,,,,,,,,,,,,,,,6,3,12,100,"enemyf=1,enemyb=0.25,enemyc=.25",100,17,6,2,0.1,0.5,72,150,,,,,,
,,,Fighter_Basic_2,2,3,,fighter,Deploys Standard Starfighters,capitalship,60,14,alloy,170,340,,,800,,,,,,,,,,,,,,,,,,6,3,12,100,"enemyf=1,enemyb=0.25,enemyc=.25",100,17,6,2,0.1,0.5,72,150,,,,,,
,,,Fighter_Basic_3,2,3,,fighter,Deploys Standard Starfighters,capitalship,89,21,alloy,170,350,,,800,,,,,,,,,,,,,,,,,,6,3,14,100,"enemyf=1,enemyb=0.25,enemyc=.25",100,17,6,2,0.1,0.5,85,150,,,,,,
,,,Fighter_Basic_4,2,3,,fighter,Deploys Standard Starfighters,capitalship,119,28,alloy,170,360,,,800,,,,,,,,,,,,,,,,,,7,3,14,100,"enemyf=1,enemyb=0.25,enemyc=.25",100,17,6,2,0.1,0.5,85,150,,,,,,
,,,Fighter_Basic_5,2,3,,fighter,Deploys Standard Starfighters,capitalship,159,35,alloy,170,370,,,800,,,,,,,,,,,,,,,,,,7,3,15,100,"enemyf=1,enemyb=0.25,enemyc=.25",100,17,6,2,0.1,0.5,100,150,,,,,,
,,,Fighter_Basic_6,2,3,,fighter,Deploys Standard Starfighters,capitalship,42,42,creds,170,460,,,1000,,,,,,,,,,,,,,,,,,8,3,16,100,"enemyf=1,enemyb=0.25,enemyc=.25",100,20,7,2,0.1,0.5,100,150,,,,,,
,,,,,,,,,,,,,,,,,,,,,,,,,,,,,,,,,,,,,,,,,,,,,,,,,,,,,
,Yamamoto Class,Heavy Starfighter Carrier,Fighter_Yam_0,5,3,,fighter,Deploys Slower Heavy-Firepower Starfighters,capitalship,65,70,alloy,170,340,,,700,,,,,,,,,,,,,,,,,,5,5,13,130,"enemyf=1,enemyb=.25,enemyc=.25",100,18,4,2,0.1,0.25,70,150,,,,,,
,,,Fighter_Yam_1,5,3,,fighter,Deploys Slower Heavy-Firepower Starfighters,capitalship,70,7,alloy,170,311,,,700,,,,,,,,,,,,,,,,,,6,5,13,130,"enemyf=1,enemyb=.25,enemyc=.25",100,18,4,2,0.1,0.25,70,150,,,,,,
,,,Fighter_Yam_2,5,3,,fighter,Deploys Slower Heavy-Firepower Starfighters,capitalship,78,14,alloy,170,320,,,700,,,,,,,,,,,,,,,,,,6,5,14,130,"enemyf=1,enemyb=.25,enemyc=.25",100,22,5,2,0.1,0.25,70,150,,,,,,
,,,Fighter_Yam_3,5,3,,fighter,Deploys Slower Heavy-Firepower Starfighters,capitalship,90,21,alloy,170,350,,,800,,,,,,,,,,,,,,,,,,6,5,14,130,"enemyf=1,enemyb=.25,enemyc=.25",100,22,5,2,0.1,0.25,70,150,,,,,,
,,,Fighter_Yam_4,5,3,,fighter,Deploys Slower Heavy-Firepower Starfighters,capitalship,111,28,alloy,170,360,,,800,,,,,,,,,,,,,,,,,,7,5,14,130,"enemyf=1,enemyb=.25,enemyc=.25",100,22,5,2,0.1,0.25,70,150,,,,,,
,,,Fighter_Yam_5,5,3,,fighter,Deploys Slower Heavy-Firepower Starfighters,capitalship,141,35,alloy,170,370,,,800,,,,,,,,,,,,,,,,,,7,5,15,130,"enemyf=1,enemyb=.25,enemyc=.25",100,27,6,2,0.1,0.25,70,150,,,,,,
,,,Fighter_Yam_6,5,3,,fighter,Deploys Slower Heavy-Firepower Starfighters,capitalship,44,42,creds,170,470,,,1000,,,,,,,,,,,,,,,,,,8,5,17,130,"enemyf=1,enemyb=.25,enemyc=.25",100,27,6,2,0.1,0.25,85,150,,,,,,
,,,,,,,,,,,,,,,,,,,,,,,,,,,,,,,,,,,,,,,,,,,,,,,,,,,,,
,Dragon Class,Adv. Starfighter Carrier,Fighter_Dragon_0,3,3,,fighter,Deploys Faster Heavy-Firepower Starfighters,capitalship,40,84,creds,210,420,,,850,,,,,,,,,,,,,,,,,,6,5,13,130,"enemyf=1,enemyb=.25,enemyc=.25",100,18,4,2,0.1,0.25,72,150,,,,,,
,,,Fighter_Dragon_1,3,3,,fighter,Deploys Faster Heavy-Firepower Starfighters,capitalship,10,8,creds,210,370,,,850,,,,,,,,,,,,,,,,,,7,5,13,130,"enemyf=1,enemyb=.25,enemyc=.25",100,18,4,2,0.1,0.25,72,150,,,,,,
,,,Fighter_Dragon_2,3,3,,fighter,Deploys Faster Heavy-Firepower Starfighters,capitalship,14,17,creds,210,390,,,850,,,,,,,,,,,,,,,,,,7,5,15,130,"enemyf=1,enemyb=.25,enemyc=.25",100,27,6,2,0.1,0.25,72,150,,,,,,
,,,Fighter_Dragon_3,3,3,,fighter,Deploys Faster Heavy-Firepower Starfighters,capitalship,17,25,creds,210,450,,,1000,,,,,,,,,,,,,,,,,,7,5,17,130,"enemyf=1,enemyb=.25,enemyc=.25",100,27,6,2,0.1,0.25,85,150,,,,,,
,,,Fighter_Dragon_4,3,3,,fighter,Deploys Faster Heavy-Firepower Starfighters,capitalship,21,34,creds,210,470,,,1000,,,,,,,,,,,,,,,,,,8,5,17,130,"enemyf=1,enemyb=.25,enemyc=.25",100,27,6,2,0.1,0.25,85,150,,,,,,
,,,Fighter_Dragon_5,3,3,,fighter,Deploys Faster Heavy-Firepower Starfighters,capitalship,25,42,creds,210,490,,,1000,,,,,,,,,,,,,,,,,,8,5,19,130,"enemyf=1,enemyb=.25,enemyc=.25",100,36,8,2,0.1,0.25,85,150,,,,,,
,,,Fighter_Dragon_6,3,3,,fighter,Deploys Faster Heavy-Firepower Starfighters,capitalship,28,50,creds,210,590,,,1300,,,,,,,,,,,,,,,,,,8,5,20,130,"enemyf=1,enemyb=.25,enemyc=.25",100,36,8,2,0.1,0.25,100,150,,,,,,
,,,,,,,,,,,,,,,,,,,,,,,,,,,,,,,,,,,,,,,,,,,,,,,,,,,,,
,Halberd Class,Assault Starfighter Carrier,Fighter_Halberd_0,15,9,80,fighter,Deploys Long-Range Assault Starfighters,capitalship,130,88,alloy,220,440,,,900,,,,,,,,,,,,,,,,,,6,5,14,140,"enemyf=1,enemyb=.25,enemyc=.25",120,20,4,2,0.1,0.2,72,150,,,,,,
,,,Fighter_Halberd_1,15,9,80,fighter,Deploys Long-Range Assault Starfighters,capitalship,142,9,alloy,220,400,,,900,,,,,,,,,,,,,,,,,,7,5,14,140,"enemyf=1,enemyb=.25,enemyc=.25",125,20,4,2,0.1,0.2,72,150,,,,,,
,,,Fighter_Halberd_2,15,9,80,fighter,Deploys Long-Range Assault Starfighters,capitalship,158,18,alloy,220,410,,,900,,,,,,,,,,,,,,,,,,7,5,16,140,"enemyf=1,enemyb=.25,enemyc=.25",125,30,6,2,0.1,0.2,72,150,,,,,,
,,,Fighter_Halberd_3,15,9,80,fighter,Deploys Long-Range Assault Starfighters,capitalship,184,26,alloy,220,470,,,1050,,,,,,,,,,,,,,,,,,7,5,17,140,"enemyf=1,enemyb=.25,enemyc=.25",125,30,6,2,0.1,0.2,85,150,,,,,,
,,,Fighter_Halberd_4,15,9,80,fighter,Deploys Long-Range Assault Starfighters,capitalship,214,35,alloy,220,490,,,1050,,,,,,,,,,,,,,,,,,8,5,17,140,"enemyf=1,enemyb=.25,enemyc=.25",125,30,6,2,0.1,0.2,85,150,,,,,,
,,,Fighter_Halberd_5,15,9,80,fighter,Deploys Long-Range Assault Starfighters,capitalship,254,44,alloy,220,510,,,1050,,,,,,,,,,,,,,,,,,8,5,20,140,"enemyf=1,enemyb=.25,enemyc=.25",125,40,8,2,0.1,0.2,85,150,,,,,,
,,,Fighter_Halberd_6,15,9,80,fighter,Deploys Long-Range Assault Starfighters,capitalship,48,53,creds,220,620,,,1350,,,,,,,,,,,,,,,,,,8,5,21,140,"enemyf=1,enemyb=.25,enemyc=.25",130,40,8,2,0.1,0.2,100,150,,,,,,
,,,,,,,,,,,,,,,,,,,,,,,,,,,,,,,,,,,,,,,,,,,,,,,,,,,,,
,Shogun Class,Adv. Assault Starfighter Carrier,Fighter_Shogun_0,15,9,80,fighter,Deploys Advanced Long-Range Assault Starfighters,capitalship,60,88,creds,230,440,,,900,,,,,,,,,,,,,,,,,,6,5,14,150,"enemyf=1,enemyb=.25,enemyc=.25",115,27,8,2,0.2,0.2,80,150,,,,,,
,,,Fighter_Shogun_1,15,9,80,fighter,Deploys Advanced Long-Range Assault Starfighters,capitalship,15,9,creds,230,400,,,900,,,,,,,,,,,,,,,,,,7,5,14,150,"enemyf=1,enemyb=.25,enemyc=.25",120,27,8,2,0.2,0.2,80,150,,,,,,
,,,Fighter_Shogun_2,15,9,80,fighter,Deploys Advanced Long-Range Assault Starfighters,capitalship,20,18,creds,230,410,,,900,,,,,,,,,,,,,,,,,,7,5,16,150,"enemyf=1,enemyb=.25,enemyc=.25",120,33,10,2,0.2,0.2,80,150,,,,,,
,,,Fighter_Shogun_3,15,9,80,fighter,Deploys Advanced Long-Range Assault Starfighters,capitalship,25,26,creds,230,470,,,1050,,,,,,,,,,,,,,,,,,7,5,17,150,"enemyf=1,enemyb=.25,enemyc=.25",120,33,10,2,0.2,0.2,90,150,,,,,,
,,,Fighter_Shogun_4,15,9,80,fighter,Deploys Advanced Long-Range Assault Starfighters,capitalship,30,35,creds,230,490,,,1050,,,,,,,,,,,,,,,,,,8,5,17,150,"enemyf=1,enemyb=.25,enemyc=.25",120,33,10,2,0.2,0.2,90,150,,,,,,
,,,Fighter_Shogun_5,15,9,80,fighter,Deploys Advanced Long-Range Assault Starfighters,capitalship,35,44,creds,230,510,,,1050,,,,,,,,,,,,,,,,,,8,5,20,150,"enemyf=1,enemyb=.25,enemyc=.25",120,47,14,2,0.2,0.2,90,150,,,,,,
,,,Fighter_Shogun_6,15,9,80,fighter,Deploys Advanced Long-Range Assault Starfighters,capitalship,40,53,creds,230,620,,,1350,,,,,,,,,,,,,,,,,,8,5,21,150,"enemyf=1,enemyb=.25,enemyc=.25",125,47,14,2,0.2,0.2,120,150,,,,,,
,,,,,,,,,,,,,,,,,,,,,,,,,,,,,,,,,,,,,,,,,,,,,,,,,,,,,
,XIan Class,Interceptor Carrier,Anti_Bomber_0,5,10,,interceptor,Deploys Standard Interceptors,capitalship,71,70,alloy,180,360,,,800,,,,,,,,,,,,,,,,,,4,5,13,110,"enemyf=.1,enemyb=1,enemyc=.1",100,24,12,2,0.25,0.5,60,150,,,,,,
,,,Anti_Bomber_1,5,10,,interceptor,Deploys Standard Interceptors,capitalship,78,7,alloy,180,330,,,800,,,,,,,,,,,,,,,,,,5,5,13,110,"enemyf=.1,enemyb=1,enemyc=.1",100,24,12,2,0.25,0.5,60,150,,,,,,
,,,Anti_Bomber_2,5,10,,interceptor,Deploys Standard Interceptors,capitalship,89,14,alloy,180,370,,,900,,,,,,,,,,,,,,,,,,5,5,13,110,"enemyf=.1,enemyb=1,enemyc=.1",100,24,12,2,0.25,0.5,60,150,,,,,,
,,,Anti_Bomber_3,5,10,,interceptor,Deploys Standard Interceptors,capitalship,104,21,alloy,180,370,,,900,,,,,,,,,,,,,,,,,,5,5,14,110,"enemyf=.1,enemyb=1,enemyc=.1",100,28,14,2,0.25,0.5,60,150,,,,,,
,,,Anti_Bomber_4,5,10,,interceptor,Deploys Standard Interceptors,capitalship,128,28,alloy,180,380,,,900,,,,,,,,,,,,,,,,,,6,5,14,110,"enemyf=.1,enemyb=1,enemyc=.1",100,28,14,2,0.25,0.5,60,150,,,,,,
,,,Anti_Bomber_5,5,10,,interceptor,Deploys Standard Interceptors,capitalship,158,35,alloy,180,390,,,900,,,,,,,,,,,,,,,,,,6,5,15,110,"enemyf=.1,enemyb=1,enemyc=.1",100,32,16,2,0.25,0.5,60,150,,,,,,
,,,Anti_Bomber_6,5,10,,interceptor,Deploys Standard Interceptors,capitalship,37,42,creds,180,490,,,1100,,,,,,,,,,,,,,,,,,7,5,17,110,"enemyf=.1,enemyb=1,enemyc=.1",100,32,16,2,0.25,0.5,75,150,,,,,,
,,,,,,,,,,,,,,,,,,,,,,,,,,,,,,,,,,,,,,,,,,,,,,,,,,,,,
,Condor Class,Heavy Interceptor Carrier,Anti_Bomb_Condor_0,9,10,,interceptor,Deploys Slower Heavy-Firepower Interceptors,capitalship,93,70,alloy,190,370,,,800,,,,,,,,,,,,,,,,,,4,6,15,150,"enemyf=.1,enemyb=1,enemyc=.1",120,29,10,2,0.1,0.5,50,100,,,,,,
,,,Anti_Bomb_Condor_1,9,10,,interceptor,Deploys Slower Heavy-Firepower Interceptors,capitalship,100,7,alloy,190,340,,,800,,,,,,,,,,,,,,,,,,5,6,15,150,"enemyf=.1,enemyb=1,enemyc=.1",120,29,10,2,0.1,0.5,50,100,,,,,,
,,,Anti_Bomb_Condor_2,9,10,,interceptor,Deploys Slower Heavy-Firepower Interceptors,capitalship,114,14,alloy,190,350,,,800,,,,,,,,,,,,,,,,,,5,6,17,150,"enemyf=.1,enemyb=1,enemyc=.1",120,34,12,2,0.1,0.5,50,100,,,,,,
,,,Anti_Bomb_Condor_3,9,10,,interceptor,Deploys Slower Heavy-Firepower Interceptors,capitalship,128,21,alloy,190,390,,,900,,,,,,,,,,,,,,,,,,5,6,18,150,"enemyf=.1,enemyb=1,enemyc=.1",120,34,12,2,0.1,0.5,60,100,,,,,,
,,,Anti_Bomb_Condor_4,9,10,,interceptor,Deploys Slower Heavy-Firepower Interceptors,capitalship,153,28,alloy,190,410,,,900,,,,,,,,,,,,,,,,,,5,6,21,150,"enemyf=.1,enemyb=1,enemyc=.1",120,46,16,2,0.1,0.5,60,100,,,,,,
,,,Anti_Bomb_Condor_5,9,10,,interceptor,Deploys Slower Heavy-Firepower Interceptors,capitalship,181,35,alloy,190,430,,,900,,,,,,,,,,,,,,,,,,6,6,21,150,"enemyf=.1,enemyb=1,enemyc=.1",120,46,16,2,0.1,0.5,60,100,,,,,,
,,,Anti_Bomb_Condor_6,9,10,,interceptor,Deploys Slower Heavy-Firepower Interceptors,capitalship,39,42,creds,190,520,,,1100,,,,,,,,,,,,,,,,,,7,6,22,150,"enemyf=.1,enemyb=1,enemyc=.1",120,46,16,2,0.1,0.5,70,100,,,,,,
,,,,,,,,,,,,,,,,,,,,,,,,,,,,,,,,,,,,,,,,,,,,,,,,,,,,,
,Falcon Class,Adv. Interceptor Carrier,Anti_Bomb_Falcon_0,6,10,,interceptor,Deploys Faster Heavy-Firepower Interceptors,capitalship,35,90,creds,220,440,,,900,,,,,,,,,,,,,,,,,,4,6,16,150,"enemyf=.1,enemyb=1,enemyc=.1",120,29,10,2,0.1,0.5,60,100,,,,,,
,,,Anti_Bomb_Falcon_1,6,10,,interceptor,Deploys Faster Heavy-Firepower Interceptors,capitalship,8,9,creds,220,380,,,900,,,,,,,,,,,,,,,,,,5,6,16,150,"enemyf=.1,enemyb=1,enemyc=.1",120,29,10,2,0.1,0.5,60,100,,,,,,
,,,Anti_Bomb_Falcon_2,6,10,,interceptor,Deploys Faster Heavy-Firepower Interceptors,capitalship,11,18,creds,220,400,,,900,,,,,,,,,,,,,,,,,,5,6,20,150,"enemyf=.1,enemyb=1,enemyc=.1",120,40,14,2,0.1,0.5,60,100,,,,,,
,,,Anti_Bomb_Falcon_3,6,10,,interceptor,Deploys Faster Heavy-Firepower Interceptors,capitalship,14,27,creds,220,470,,,1100,,,,,,,,,,,,,,,,,,5,6,21,150,"enemyf=.1,enemyb=1,enemyc=.1",120,40,14,2,0.1,0.5,75,100,,,,,,
,,,Anti_Bomb_Falcon_4,6,10,,interceptor,Deploys Faster Heavy-Firepower Interceptors,capitalship,17,36,creds,220,490,,,1100,,,,,,,,,,,,,,,,,,5,6,25,150,"enemyf=.1,enemyb=1,enemyc=.1",120,54,19,2,0.1,0.5,75,100,,,,,,
,,,Anti_Bomb_Falcon_5,6,10,,interceptor,Deploys Faster Heavy-Firepower Interceptors,capitalship,19,45,creds,220,520,,,1100,,,,,,,,,,,,,,,,,,6,6,25,150,"enemyf=.1,enemyb=1,enemyc=.1",120,54,19,2,0.1,0.5,75,100,,,,,,
,,,Anti_Bomb_Falcon_6,6,10,,interceptor,Deploys Faster Heavy-Firepower Interceptors,capitalship,21,54,creds,220,660,,,1500,,,,,,,,,,,,,,,,,,6,6,26,150,"enemyf=.1,enemyb=1,enemyc=.1",120,54,19,2,0.1,0.5,85,100,,,,,,
,,,,,,,,,,,,,,,,,,,,,,,,,,,,,,,,,,,,,,,,,,,,,,,,,,,,,
,Eagle Class,Assault Interceptor Carrier,Anti_Bomb_Eagle_0,15,10,80,interceptor,Deploys Long-Range Assault Interceptors,capitalship,130,90,alloy,230,470,,,950,,,,,,,,,,,,,,,,,,4,6,20,160,"enemyf=.1,enemyb=1,enemyc=.1",140,34,12,2,0.1,0.5,60,100,,,,,,
,,,Anti_Bomb_Eagle_1,15,10,80,interceptor,Deploys Long-Range Assault Interceptors,capitalship,141,9,alloy,230,420,,,950,,,,,,,,,,,,,,,,,,5,6,20,160,"enemyf=.1,enemyb=1,enemyc=.1",140,34,12,2,0.1,0.5,60,100,,,,,,
,,,Anti_Bomb_Eagle_2,15,10,80,interceptor,Deploys Long-Range Assault Interceptors,capitalship,160,18,alloy,230,430,,,950,,,,,,,,,,,,,,,,,,5,6,23,160,"enemyf=.1,enemyb=1,enemyc=.1",140,43,15,2,0.1,0.5,60,100,,,,,,
,,,Anti_Bomb_Eagle_3,15,10,80,interceptor,Deploys Long-Range Assault Interceptors,capitalship,183,27,alloy,230,500,,,1150,,,,,,,,,,,,,,,,,,5,6,24,160,"enemyf=.1,enemyb=1,enemyc=.1",140,43,15,2,0.1,0.5,75,100,,,,,,
,,,Anti_Bomb_Eagle_4,15,10,80,interceptor,Deploys Long-Range Assault Interceptors,capitalship,221,36,alloy,230,530,,,1150,,,,,,,,,,,,,,,,,,5,6,29,160,"enemyf=.1,enemyb=1,enemyc=.1",140,57,20,2,0.1,0.5,75,100,,,,,,
,,,Anti_Bomb_Eagle_5,15,10,80,interceptor,Deploys Long-Range Assault Interceptors,capitalship,267,45,alloy,230,560,,,1150,,,,,,,,,,,,,,,,,,6,6,29,160,"enemyf=.1,enemyb=1,enemyc=.1",140,57,20,2,0.1,0.5,75,100,,,,,,
,,,Anti_Bomb_Eagle_6,15,10,80,interceptor,Deploys Long-Range Assault Interceptors,capitalship,43,54,creds,230,700,,,1550,,,,,,,,,,,,,,,,,,6,6,30,160,"enemyf=.1,enemyb=1,enemyc=.1",140,57,20,2,0.1,0.5,85,100,,,,,,
,,,,,,,,,,,,,,,,,,,,,,,,,,,,,,,,,,,,,,,,,,,,,,,,,,,,,
,Tyton Class,Adv. Assault Interceptor Carrier,Anti_Bomb_Tyton_0,15,10,80,interceptor,Deploys Advanced Long-Range Assault Interceptors,capitalship,50,100,creds,240,500,,,1000,,,,,,,,,,,,,,,,,,4,6,22,170,"enemyf=.1,enemyb=1,enemyc=.1",140,40,14,2,0.1,0.5,60,100,,,,,,
,,,Anti_Bomb_Tyton_1,15,10,80,interceptor,Deploys Advanced Long-Range Assault Interceptors,capitalship,12,10,creds,240,440,,,1000,,,,,,,,,,,,,,,,,,5,6,22,170,"enemyf=.1,enemyb=1,enemyc=.1",140,40,14,2,0.1,0.5,60,100,,,,,,
,,,Anti_Bomb_Tyton_2,15,10,80,interceptor,Deploys Advanced Long-Range Assault Interceptors,capitalship,16,20,creds,240,460,,,1000,,,,,,,,,,,,,,,,,,5,6,25,170,"enemyf=.1,enemyb=1,enemyc=.1",140,49,17,2,0.1,0.5,60,100,,,,,,
,,,Anti_Bomb_Tyton_3,15,10,80,interceptor,Deploys Advanced Long-Range Assault Interceptors,capitalship,20,30,creds,240,530,,,1200,,,,,,,,,,,,,,,,,,5,6,26,170,"enemyf=.1,enemyb=1,enemyc=.1",140,49,17,2,0.1,0.5,75,100,,,,,,
,,,Anti_Bomb_Tyton_4,15,10,80,interceptor,Deploys Advanced Long-Range Assault Interceptors,capitalship,25,40,creds,240,560,,,1200,,,,,,,,,,,,,,,,,,5,6,31,170,"enemyf=.1,enemyb=1,enemyc=.1",140,63,22,2,0.1,0.5,75,100,,,,,,
,,,Anti_Bomb_Tyton_5,15,10,80,interceptor,Deploys Advanced Long-Range Assault Interceptors,capitalship,30,50,creds,240,590,,,1200,,,,,,,,,,,,,,,,,,6,6,31,170,"enemyf=.1,enemyb=1,enemyc=.1",140,63,22,2,0.1,0.5,75,100,,,,,,
,,,Anti_Bomb_Tyton_6,15,10,80,interceptor,Deploys Advanced Long-Range Assault Interceptors,capitalship,35,60,creds,240,730,,,1600,,,,,,,,,,,,,,,,,,6,6,33,170,"enemyf=.1,enemyb=1,enemyc=.1",145,63,22,2,0.1,0.5,85,100,,,,,,
,,,,,,,,,,,,,,,,,,,,,,,,,,,,,,,,,,,,,,,,,,,,,,,,,,,,,
,Vickers Class,Bomber Carrier,Bomber_Vickers_0,7,14,,bomber,Deploys Standard Bombers,capitalship,85,70,alloy,170,340,,,700,,,,,,,,,,,,,,,,,,3,7,17,200,"enemyf=.1,enemyb=.2,enemyc=1",150,27,18,3,0.5,0.5,50,100,,,,,,
,,,Bomber_Vickers_1,7,14,,bomber,Deploys Standard Bombers,capitalship,92,7,alloy,170,300,,,700,,,,,,,,,,,,,,,,,,4,7,17,200,"enemyf=.1,enemyb=.2,enemyc=1",150,27,18,3,0.5,0.5,50,100,,,,,,
,,,Bomber_Vickers_2,7,14,,bomber,Deploys Standard Bombers,capitalship,104,14,alloy,170,310,,,700,,,,,,,,,,,,,,,,,,4,7,18,200,"enemyf=.1,enemyb=.2,enemyc=1",150,27,18,3,0.5,0.5,55,100,,,,,,
,,,Bomber_Vickers_3,7,14,,bomber,Deploys Standard Bombers,capitalship,112,21,alloy,170,370,,,900,,,,,,,,,,,,,,,,,,4,7,18,200,"enemyf=.1,enemyb=.2,enemyc=1",150,27,18,3,0.5,0.5,55,100,,,,,,
,,,Bomber_Vickers_4,7,14,,bomber,Deploys Standard Bombers,capitalship,139,28,alloy,170,370,,,900,,,,,,,,,,,,,,,,,,4,7,18,200,"enemyf=.1,enemyb=.2,enemyc=1",150,27,18,3,0.5,0.5,60,100,,,,,,
,,,Bomber_Vickers_5,7,14,,bomber,Deploys Standard Bombers,capitalship,169,35,alloy,170,390,,,900,,,,,,,,,,,,,,,,,,5,7,18,200,"enemyf=.1,enemyb=.2,enemyc=1",150,27,18,3,0.5,0.5,60,100,,,,,,
,,,Bomber_Vickers_6,7,14,,bomber,Deploys Standard Bombers,capitalship,32,42,creds,170,480,,,1100,,,,,,,,,,,,,,,,,,6,7,19,200,"enemyf=.1,enemyb=.2,enemyc=1",150,30,20,3,0.5,0.5,60,100,,,,,,
,,,,,,,,,,,,,,,,,,,,,,,,,,,,,,,,,,,,,,,,,,,,,,,,,,,,,
,Staaken Class,Heavy Bomber Carrier,Bomber_Staaken_0,11,14,,bomber,Deploys Slower Heavy-Firepower Bombers,capitalship,93,70,alloy,170,340,,,700,,,,,,,,,,,,,,,,,,3,8,16,225,"enemyf=.1,enemyb=.2,enemyc=1",150,26,12,3,0.3,0.5,40,100,,,,,,
,,,Bomber_Staaken_1,11,14,,bomber,Deploys Slower Heavy-Firepower Bombers,capitalship,99,7,alloy,170,300,,,700,,,,,,,,,,,,,,,,,,4,8,17,225,"enemyf=.1,enemyb=.2,enemyc=1",150,28,13,3,0.3,0.5,40,100,,,,,,
,,,Bomber_Staaken_2,11,14,,bomber,Deploys Slower Heavy-Firepower Bombers,capitalship,107,14,alloy,170,310,,,700,,,,,,,,,,,,,,,,,,4,8,18,225,"enemyf=.1,enemyb=.2,enemyc=1",150,32,13,3,0.3,0.5,40,100,,,,,,
,,,Bomber_Staaken_3,11,14,,bomber,Deploys Slower Heavy-Firepower Bombers,capitalship,123,21,alloy,170,370,,,900,,,,,,,,,,,,,,,,,,4,8,18,225,"enemyf=.1,enemyb=.2,enemyc=1",150,32,15,3,0.3,0.5,40,100,,,,,,
,,,Bomber_Staaken_4,11,14,,bomber,Deploys Slower Heavy-Firepower Bombers,capitalship,153,28,alloy,170,380,,,900,,,,,,,,,,,,,,,,,,4,8,20,225,"enemyf=.1,enemyb=.2,enemyc=1",150,36,15,3,0.3,0.5,40,100,,,,,,
,,,Bomber_Staaken_5,11,14,,bomber,Deploys Slower Heavy-Firepower Bombers,capitalship,180,35,alloy,170,400,,,900,,,,,,,,,,,,,,,,,,5,8,20,225,"enemyf=.1,enemyb=.2,enemyc=1",150,36,17,3,0.3,0.5,40,100,,,,,,
,,,Bomber_Staaken_6,11,14,,bomber,Deploys Slower Heavy-Firepower Bombers,capitalship,34,42,creds,170,490,,,1100,,,,,,,,,,,,,,,,,,6,8,21,225,"enemyf=.1,enemyb=.2,enemyc=1",150,36,17,3,0.3,0.5,50,100,,,,,,
,,,,,,,,,,,,,,,,,,,,,,,,,,,,,,,,,,,,,,,,,,,,,,,,,,,,,
,Blackburn Class,Adv. Bomber Carrier,Bomber_Blackburn_0,8,14,,bomber,Deploys Faster Heavy-Firepower Bombers,capitalship,30,18,creds,180,360,,,700,,,,,,,,,,,,,,,,,,3,8,21,200,"enemyf=.1,enemyb=.2,enemyc=1",150,38,10,3,0.1,0.5,50,100,,,,,,
,,,Bomber_Blackburn_1,8,14,,bomber,Deploys Faster Heavy-Firepower Bombers,capitalship,6,3,creds,180,320,,,700,,,,,,,,,,,,,,,,,,4,8,21,200,"enemyf=.1,enemyb=.2,enemyc=1",150,38,10,3,0.1,0.5,50,100,,,,,,
,,,Bomber_Blackburn_2,8,14,,bomber,Deploys Faster Heavy-Firepower Bombers,capitalship,8,4,creds,180,330,,,700,,,,,,,,,,,,,,,,,,4,8,24,200,"enemyf=.1,enemyb=.2,enemyc=1",150,45,12,3,0.1,0.5,50,100,,,,,,
,,,Bomber_Blackburn_3,8,14,,bomber,Deploys Faster Heavy-Firepower Bombers,capitalship,10,10,creds,180,400,,,900,,,,,,,,,,,,,,,,,,4,8,24,200,"enemyf=.1,enemyb=.2,enemyc=1",150,45,12,3,0.1,0.5,55,100,,,,,,
,,,Bomber_Blackburn_4,8,14,,bomber,Deploys Faster Heavy-Firepower Bombers,capitalship,12,7,creds,180,400,,,900,,,,,,,,,,,,,,,,,,4,8,26,200,"enemyf=.1,enemyb=.2,enemyc=1",150,49,13,3,0.1,0.5,55,100,,,,,,
,,,Bomber_Blackburn_5,8,14,,bomber,Deploys Faster Heavy-Firepower Bombers,capitalship,14,9,creds,180,430,,,900,,,,,,,,,,,,,,,,,,5,8,26,200,"enemyf=.1,enemyb=.2,enemyc=1",150,49,13,3,0.1,0.5,55,100,,,,,,
,,,Bomber_Blackburn_6,8,14,,bomber,Deploys Faster Heavy-Firepower Bombers,capitalship,16,11,creds,180,500,,,1100,,,,,,,,,,,,,,,,,,5,8,26,200,"enemyf=.1,enemyb=.2,enemyc=1",150,49,13,3,0.1,0.5,60,100,,,,,,
,,,,,,,,,,,,,,,,,,,,,,,,,,,,,,,,,,,,,,,,,,,,,,,,,,,,,
,Abel Class,Assault Bomber Carrier,Bomber_Abel_0,15,14,80,bomber,Deploys Long-Range Assault Bombers,capitalship,125,21,alloy,210,420,,,850,,,,,,,,,,,,,,,,,,3,8,24,250,"enemyf=.1,enemyb=.2,enemyc=1",165,39,18,3,0.3,0.5,55,100,,,,,,
,,,Bomber_Abel_1,15,14,80,bomber,Deploys Long-Range Assault Bombers,capitalship,134,4,alloy,210,380,,,850,,,,,,,,,,,,,,,,,,4,8,24,250,"enemyf=.1,enemyb=.2,enemyc=1",165,39,18,3,0.3,0.5,55,100,,,,,,
,,,Bomber_Abel_2,15,14,80,bomber,Deploys Long-Range Assault Bombers,capitalship,148,4,alloy,210,390,,,850,,,,,,,,,,,,,,,,,,4,8,27,250,"enemyf=.1,enemyb=.2,enemyc=1",165,47,22,3,0.3,0.5,55,100,,,,,,
,,,Bomber_Abel_3,15,14,80,bomber,Deploys Long-Range Assault Bombers,capitalship,164,8,alloy,210,450,,,1000,,,,,,,,,,,,,,,,,,4,8,28,250,"enemyf=.1,enemyb=.2,enemyc=1",165,47,22,3,0.3,0.5,60,100,,,,,,
,,,Bomber_Abel_4,15,14,80,bomber,Deploys Long-Range Assault Bombers,capitalship,203,8,alloy,210,450,,,1000,,,,,,,,,,,,,,,,,,4,8,28,250,"enemyf=.1,enemyb=.2,enemyc=1",165,47,22,3,0.3,0.5,60,100,,,,,,
,,,Bomber_Abel_5,15,14,80,bomber,Deploys Long-Range Assault Bombers,capitalship,242,11,alloy,210,490,,,1000,,,,,,,,,,,,,,,,,,5,8,31,250,"enemyf=.1,enemyb=.2,enemyc=1",165,54,25,3,0.3,0.5,60,100,,,,,,
,,,Bomber_Abel_6,15,14,80,bomber,Deploys Long-Range Assault Bombers,capitalship,36,13,creds,210,580,,,1150,,,,,,,,,,,,,,,,,,6,8,33,250,"enemyf=.1,enemyb=.2,enemyc=1",175,54,25,3,0.3,0.5,65,100,,,,,,
,,,,,,,,,,,,,,,,,,,,,,,,,,,,,,,,,,,,,,,,,,,,,,,,,,,,,
,Cain Class,Adv. Assault Bomber Carrier,Bomber_Cain_0,15,14,80,bomber,Deploys Advanced Long-Range Assault Bombers,capitalship,40,23,creds,220,460,,,900,,,,,,,,,,,,,,,,,,3,8,30,250,"enemyf=.1,enemyb=.2,enemyc=1",165,53,14,3,0.1,0.5,55,100,,,,,,
,,,Bomber_Cain_1,15,14,80,bomber,Deploys Advanced Long-Range Assault Bombers,capitalship,10,4,creds,220,420,,,900,,,,,,,,,,,,,,,,,,4,8,30,250,"enemyf=.1,enemyb=.2,enemyc=1",165,53,14,3,0.1,0.5,55,100,,,,,,
,,,Bomber_Cain_2,15,14,80,bomber,Deploys Advanced Long-Range Assault Bombers,capitalship,12,5,creds,220,430,,,900,,,,,,,,,,,,,,,,,,4,8,33,250,"enemyf=.1,enemyb=.2,enemyc=1",165,60,16,3,0.1,0.5,55,100,,,,,,
,,,Bomber_Cain_3,15,14,80,bomber,Deploys Advanced Long-Range Assault Bombers,capitalship,14,7,creds,220,480,,,1050,,,,,,,,,,,,,,,,,,4,8,33,250,"enemyf=.1,enemyb=.2,enemyc=1",165,60,16,3,0.1,0.5,60,100,,,,,,
,,,Bomber_Cain_4,15,14,80,bomber,Deploys Advanced Long-Range Assault Bombers,capitalship,18,9,creds,220,500,,,1050,,,,,,,,,,,,,,,,,,4,8,37,250,"enemyf=.1,enemyb=.2,enemyc=1",165,68,18,3,0.1,0.5,60,100,,,,,,
,,,Bomber_Cain_5,15,14,80,bomber,Deploys Advanced Long-Range Assault Bombers,capitalship,22,12,creds,220,540,,,1050,,,,,,,,,,,,,,,,,,5,8,37,250,"enemyf=.1,enemyb=.2,enemyc=1",165,68,18,3,0.1,0.5,60,100,,,,,,
,,,Bomber_Cain_6,15,14,80,bomber,Deploys Advanced Long-Range Assault Bombers,capitalship,25,14,creds,220,610,,,1250,,,,,,,,,,,,,,,,,,5,8,39,250,"enemyf=.1,enemyb=.2,enemyc=1",175,68,18,3,0.1,0.5,70,100,,,,,,
,,,,,,,,,,,,,,,,,,,,,,,,,,,,,,,,,,,,,,,,,,,,,,,,,,,,,
,,,,,,,,,,,,,,,,,,,,,,,,,,,,,,,,,,,,,,,,,,,,,,,,,,,,,
Mining Ships,,,,,,,,,,,,,4,,,,,,,,,,,,,,,,,,,,,,,,,,,,,,,,,,,,,,,,
,Alaska Class,Mining Ops Carrier,Mining_Basic_0,3,6,,harvester,Deploys Standard Mining Ships,capitalship,42,70,alloy,80,330,,200,800,,,,,,,3,10,10,50,28,100,2,10,1,2,Low,,,,,,,,,,,,,,,,,,,
,,,Mining_Basic_1,3,6,,harvester,Deploys Standard Mining Ships,capitalship,39,7,alloy,80,310,,200,800,,,,,,,4,10,10,50,28,100,2,10,1,2,Low,,,,,,,,,,,,,,,,,,,
,,,Mining_Basic_2,3,6,,harvester,Deploys Standard Mining Ships,capitalship,50,14,alloy,80,310,,200,800,,,,,,,4,10,12,50,28,100,3,10,1,3,Low,,,,,,,,,,,,,,,,,,,
,,,Mining_Basic_3,3,6,,harvester,Deploys Standard Mining Ships,capitalship,67,21,alloy,80,350,,200,900,,,,,,,4,10,12,50,28,100,3,10,1,3,Low,,,,,,,,,,,,,,,,,,,
,,,Mining_Basic_4,3,6,,harvester,Deploys Standard Mining Ships,capitalship,89,28,alloy,80,360,,200,900,,,,,,,5,10,12,50,28,100,3,10,1,3,Low,,,,,,,,,,,,,,,,,,,
,,,Mining_Basic_5,3,6,,harvester,Deploys Standard Mining Ships,capitalship,117,35,alloy,80,380,,200,900,,,,,,,5,10,15,50,28,100,4,10,1,4,Low,,,,,,,,,,,,,,,,,,,
,,,Mining_Basic_6,3,6,,harvester,Deploys Standard Mining Ships,capitalship,19,42,creds,80,460,,200,1100,,,,,,,6,10,16,50,35,100,4,10,1,4,Low,,,,,,,,,,,,,,,,,,,
,,,,,,,,,,,,,,,,,,,,,,,,,,,,,,,,,,,,,,,,,,,,,,,,,,,,,
,Newcastle Class,Heavy Mining Ops Carrier,Mining_Newcastle_0,6,6,,harvester,Deploys Slower High-Capacity Mining Ships,capitalship,85,80,alloy,100,390,,400,900,,,,,,,3,10,12,75,20,100,4,10,1,3,Low,,,,,,,,,,,,,,,,,,,
,,,Mining_Newcastle_1,6,6,,harvester,Deploys Slower High-Capacity Mining Ships,capitalship,76,8,alloy,100,350,,400,900,,,,,,,4,10,12,75,20,100,4,10,1,3,Low,,,,,,,,,,,,,,,,,,,
,,,Mining_Newcastle_2,6,6,,harvester,Deploys Slower High-Capacity Mining Ships,capitalship,87,16,alloy,100,360,,400,900,,,,,,,4,10,14,75,20,100,5,10,1,4,Low,,,,,,,,,,,,,,,,,,,
,,,Mining_Newcastle_3,6,6,,harvester,Deploys Slower High-Capacity Mining Ships,capitalship,101,24,alloy,100,420,,400,1100,,,,,,,4,10,14,75,20,100,5,10,1,4,Low,,,,,,,,,,,,,,,,,,,
,,,Mining_Newcastle_4,6,6,,harvester,Deploys Slower High-Capacity Mining Ships,capitalship,119,32,alloy,100,440,,400,1100,,,,,,,5,10,14,75,20,100,5,10,1,4,Low,,,,,,,,,,,,,,,,,,,
,,,Mining_Newcastle_5,6,6,,harvester,Deploys Slower High-Capacity Mining Ships,capitalship,141,40,alloy,100,450,,400,1100,,,,,,,5,10,17,75,20,100,6,10,1,5,Low,,,,,,,,,,,,,,,,,,,
,,,Mining_Newcastle_6,6,6,,harvester,Deploys Slower High-Capacity Mining Ships,capitalship,20,48,creds,100,540,,400,1300,,,,,,,6,10,18,75,30,100,6,10,1,5,Low,,,,,,,,,,,,,,,,,,,
,,,,,,,,,,,,,,,,,,,,,,,,,,,,,,,,,,,,,,,,,,,,,,,,,,,,,
,El Dorado Class,Adv. Mining Ops Carrier,Mining_Dorado_0,4,6,,harvester,Deploys Faster High-Capacity Mining Ships,capitalship,20,20,creds,100,400,,400,900,,,,,,,3,10,14,75,35,100,4,10,1,3,Low,,,,,,,,,,,,,,,,,,,
,,,Mining_Dorado_1,4,6,,harvester,Deploys Faster High-Capacity Mining Ships,capitalship,2,3,creds,100,360,,400,900,,,,,,,4,10,14,75,35,100,4,10,1,3,Low,,,,,,,,,,,,,,,,,,,
,,,Mining_Dorado_2,4,6,,harvester,Deploys Faster High-Capacity Mining Ships,capitalship,4,4,creds,100,360,,400,900,,,,,,,4,10,16,75,35,100,5,10,1,4,Low,,,,,,,,,,,,,,,,,,,
,,,Mining_Dorado_3,4,6,,harvester,Deploys Faster High-Capacity Mining Ships,capitalship,5,9,creds,100,430,,400,1100,,,,,,,4,10,17,75,40,100,5,10,1,4,Low,,,,,,,,,,,,,,,,,,,
,,,Mining_Dorado_4,4,6,,harvester,Deploys Faster High-Capacity Mining Ships,capitalship,8,8,creds,100,450,,400,1100,,,,,,,5,10,17,75,40,100,5,10,1,4,Low,,,,,,,,,,,,,,,,,,,
,,,Mining_Dorado_5,4,6,,harvester,Deploys Faster High-Capacity Mining Ships,capitalship,9,10,creds,100,460,,400,1100,,,,,,,5,10,19,75,40,100,6,10,1,5,Low,,,,,,,,,,,,,,,,,,,
,,,Mining_Dorado_6,4,6,,harvester,Deploys Faster High-Capacity Mining Ships,capitalship,11,12,creds,100,530,,400,1300,,,,,,,5,10,20,75,45,100,6,10,1,5,Low,,,,,,,,,,,,,,,,,,,
,,,,,,,,,,,,,,,,,,,,,,,,,,,,,,,,,,,,,,,,,,,,,,,,,,,,,
,Sutter Class,Bulk Mining Ops Carrier,Mining_Sutter_0,15,9,80,harvester,Deploys High-Capacity Bulk Mining Ships,capitalship,135,80,alloy,105,400,,400,900,,,,,,,3,10,12,65,28,100,5,10,1,3,Low,,,,,,,,,,,,,,,,,,,
,,,Mining_Sutter_1,15,9,80,harvester,Deploys High-Capacity Bulk Mining Ships,capitalship,121,8,alloy,105,350,,400,900,,,,,,,4,10,12,65,28,100,5,10,1,3,Low,,,,,,,,,,,,,,,,,,,
,,,Mining_Sutter_2,15,9,80,harvester,Deploys High-Capacity Bulk Mining Ships,capitalship,137,16,alloy,105,360,,400,900,,,,,,,4,10,15,65,28,100,6,10,1,4,Low,,,,,,,,,,,,,,,,,,,
,,,Mining_Sutter_3,15,9,80,harvester,Deploys High-Capacity Bulk Mining Ships,capitalship,160,24,alloy,105,430,,400,1100,,,,,,,4,10,15,65,28,100,6,10,1,4,Low,,,,,,,,,,,,,,,,,,,
,,,Mining_Sutter_4,15,9,80,harvester,Deploys High-Capacity Bulk Mining Ships,capitalship,187,32,alloy,105,440,,400,1100,,,,,,,5,10,15,65,28,100,6,10,1,4,Low,,,,,,,,,,,,,,,,,,,
,,,Mining_Sutter_5,15,9,80,harvester,Deploys High-Capacity Bulk Mining Ships,capitalship,221,40,alloy,105,450,,400,1100,,,,,,,5,10,17,65,28,100,7,10,1,5,Low,,,,,,,,,,,,,,,,,,,
,,,Mining_Sutter_6,15,9,80,harvester,Deploys High-Capacity Bulk Mining Ships,capitalship,25,48,creds,105,540,,400,1300,,,,,,,6,10,18,65,35,100,7,10,1,5,Low,,,,,,,,,,,,,,,,,,,
,,,,,,,,,,,,,,,,,,,,,,,,,,,,,,,,,,,,,,,,,,,,,,,,,,,,,
,Thule Class,Adv. Bulk Mining Ops Carrier,Mining_Thule_0,15,9,80,harvester,Deploys Faster High-Capacity Bulk Mining Ships,capitalship,30,22,creds,110,440,,400,1000,,,,,,,3,10,14,85,40,100,6,10,1,3,Low,,,,,,,,,,,,,,,,,,,
,,,Mining_Thule_1,15,9,80,harvester,Deploys Faster High-Capacity Bulk Mining Ships,capitalship,6,2,creds,110,390,,400,1000,,,,,,,4,10,14,85,40,100,6,10,1,3,Low,,,,,,,,,,,,,,,,,,,
,,,Mining_Thule_2,15,9,80,harvester,Deploys Faster High-Capacity Bulk Mining Ships,capitalship,9,4,creds,110,400,,400,1000,,,,,,,4,10,17,85,40,100,7,10,1,4,Low,,,,,,,,,,,,,,,,,,,
,,,Mining_Thule_3,15,9,80,harvester,Deploys Faster High-Capacity Bulk Mining Ships,capitalship,12,10,creds,110,470,,400,1200,,,,,,,4,10,17,85,44,100,7,10,1,4,Low,,,,,,,,,,,,,,,,,,,
,,,Mining_Thule_4,15,9,80,harvester,Deploys Faster High-Capacity Bulk Mining Ships,capitalship,16,9,creds,110,490,,400,1200,,,,,,,5,10,17,85,44,100,7,10,1,4,Low,,,,,,,,,,,,,,,,,,,
,,,Mining_Thule_5,15,9,80,harvester,Deploys Faster High-Capacity Bulk Mining Ships,capitalship,19,11,creds,110,500,,400,1200,,,,,,,5,10,20,85,44,100,8,10,1,5,Low,,,,,,,,,,,,,,,,,,,
,,,Mining_Thule_6,15,9,80,harvester,Deploys Faster High-Capacity Bulk Mining Ships,capitalship,22,13,creds,110,570,,400,1400,,,,,,,5,10,21,85,50,100,8,10,1,5,Low,,,,,,,,,,,,,,,,,,,
,,,,,,,,,,,,,,,,,,,,,,,,,,,,,,,,,,,,,,,,,,,,,,,,,,,,,
,,,,,,,,,,,,,,,,,,,,,,,,,,,,,,,,,,,,,,,,,,,,,,,,,,,,,
,,,,,,,,,,,,,,,,,,,,,,,,,,,,,,,,,,,,,,,,,,,,,,,,,,,,,
,,,,,,,,,,,,,,,,,,,,,,,,,,,,,,,,,,,,,,,,,,,,,,,,,,,,,
,,,,,,,,,,,,,,,,,,,,,,,,,,,,,,,,,,,,,,,,,,,,,,,,,,,,,
,,,,,,,,,,,,,,,,,,,,,,,,,,,,,,,,,,,,,,,,,,,,,,,,,,,,,
,,,,,,,,,,,,,,,,,,,,,,,,,,,,,,,,,,,,,,,,,,,,,,,,,,,,,
,,,,,,,,,,,,,,,,,,,,,,,,,,,,,,,,,,,,,,,,,,,,,,,,,,,,,
,,,,,,,,,,,,,,,,,,,,,,,,,,,,,,,,,,,,,,,,,,,,,,,,,,,,,
,,,,,,,,,,,,,,,,,,,,,,,,,,,,,,,,,,,,,,,,,,,,,,,,,,,,,
,,,,,,,,,,,,,,,,,,,,,,,,,,,,,,,,,,,,,,,,,,,,,,,,,,,,,
,,,,,,,,,,,,,,,,,,,,,,,,,,,,,,,,,,,,,,,,,,,,,,,,,,,,,
,,,,,,,,,,,,,,,,,,,,,,,,,,,,,,,,,,,,,,,,,,,,,,,,,,,,,
,,,,,,,,,,,,,,,,,,,,,,,,,,,,,,,,,,,,,,,,,,,,,,,,,,,,,
,,,,,,,,,,,,,,,,,,,,,,,,,,,,,,,,,,,,,,,,,,,,,,,,,,,,,
,,,,,,,,,,,,,,,,,,,,,,,,,,,,,,,,,,,,,,,,,,,,,,,,,,,,,
,,,,,,,,,,,,,,,,,,,,,,,,,,,,,,,,,,,,,,,,,,,,,,,,,,,,,
,,,,,,,,,,,,,,,,,,,,,,,,,,,,,,,,,,,,,,,,,,,,,,,,,,,,,
,,,,,,,,,,,,,,,,,,,,,,,,,,,,,,,,,,,,,,,,,,,,,,,,,,,,,
,,,,,,,,,,,,,,,,,,,,,,,,,,,,,,,,,,,,,,,,,,,,,,,,,,,,,
,,,,,,,,,,,,,,,,,,,,,,,,,,,,,,,,,,,,,,,,,,,,,,,,,,,,,
,,,,,,,,,,,,,,,,,,,,,,,,,,,,,,,,,,,,,,,,,,,,,,,,,,,,,
,,,,,,,,,,,,,,,,,,,,,,,,,,,,,,,,,,,,,,,,,,,,,,,,,,,,,
,,,,,,,,,,,,,,,,,,,,,,,,,,,,,,,,,,,,,,,,,,,,,,,,,,,,,
,,,,,,,,,,,,,,,,,,,,,,,,,,,,,,,,,,,,,,,,,,,,,,,,,,,,,
Alien Ships,,,,,,,,,,,,,,,,,,,,,,,,,,,,,,,,,,,,,,,,,,,,,,,,,,,,,
,Tic Fighter,,Alien_Sm_Fighter,,,,,,enemyf,,,,,,,,,,,,,,,,,,,,,,,,,,,,1,15,,45,15,6,1,0.15,0.25,35,150,,,,,,3
,Tic Fighter v2,,Alien_Sm_Fighter_v2,,,,,,enemyf,,,,,,,,,,,,,,,,,,,,,,,,,,,,1,75,,45,60,24,1,0.15,0.25,50,150,,,,,,11
,Mantis Fighter,,Alien_Med_Fighter,,,,,,enemyf,,,,,,,,,,,,,,,,,,,,,,,,,,,,1,30,,45,23,9,1,0.15,0.25,35,150,,,,,,5
,Mantis Fighter v2,,Alien_Med_Fighter_v2,,,,,,enemyf,,,,,,,,,,,,,,,,,,,,,,,,,,,,1,150,,45,90,36,1,0.15,0.25,50,150,,,,,,18
,Mantis Fighter v2 - Screamer,,Alien_Med_Fighter_v2_screamer,,,,,,enemyf,,,,,,,,,,,,,,,,,,,,,,,,,,,,1,75,,45,90,36,1,0.15,0.25,90,150,,,,,,14
,Locust Fighter,,Alien_Large_Fighter,,,,,,enemyf,,,,,,,,,,,,,,,,,,,,,,,,,,,,1,90,,60,44,12,2,0.15,0.25,30,100,,,,,,11
,Locust Fighter v2,,Alien_Large_Fighter_v2,,,,,,enemyf,,,,,,,,,,,,,,,,,,,,,,,,,,,,1,450,,60,175,48,2,0.15,0.25,40,100,,,,,,47
,Dung Beetle Bomber,,Alien_Sm_Bomber,,,,,,enemyb,,,,,,,,,,,,,,,,,,,,,,,,,,,,1,150,,150,40,30,2,0.5,1,25,100,,1,,,,20
,Dung Beetle Bomber v2,,Alien_Sm_Bomber_v2,,,,,,enemyb,,,,,,,,,,,,,,,,,,,,,,,,,,,,1,750,,150,40,120,2,0.5,1,35,100,,3,,,,60
,Tarantula Bombers,,Alien_Med_Bomber,,,,,,enemyb,,,,,,,,,,,,,,,,,,,,,,,,,,,,1,200,,150,50,40,3,0.25,2,15,75,,1,,,,25
,Tarantula Bombers v2,,Alien_Med_Bomber_v2,,,,,,enemyb,,,,,,,,,,,,,,,,,,,,,,,,,,,,1,1000,,150,50,160,3,0.25,2,25,75,,4,,,,79
,Scorpion Bomber,,Alien_Lg_Bomber,,,,,,enemyb,,,,,,,,,,,,,,,,,,,,,,,,,,,,1,300,,150,61,50,3,0.15,2,10,50,,2,,,,34
,Scorpion Bomber v2,,Alien_Lg_Bomber_v2,,,,,,enemyb,,,,,,,,,,,,,,,,,,,,,,,,,,,,1,1500,,150,245,200,3,0.15,2,20,50,,8,,,,155
,Big Bertha no Shields,,Alien_Med_Artillery,,,,,,enemyc,,,,,,,,,,,,,,,,,,,,,,,,,,,,1,800,,300,63,200,1,0.15,3,10,50,,4,,,,82
,Big Bertha no Shields v2,,Alien_Med_Artillery_v2,,,,,,enemyc,,,,,,,,,,,,,,,,,,,,,,,,,,,,1,2400,,300,159,500,1,0.15,3,15,50,,12,,,,231
,Ballista Construction Ship,,Alien_Con_Ballista,,,,,,enemyc,,,,,,,,,"mod=.7,arc=180,angle=180",,,,,,,,,,,,,,,,,,,1.15,250,,500,8,3,1,0.15,0.25,35,150,,2,,,,48
,Ballista Construction Ship v2,,Alien_Con_Ballista_v2,,,,,,enemyc,,,,,,,,,"mod=.7,arc=180,angle=180",,,,,,,,,,,,,,,,,,,1.15,1000,,500,8,3,1,0.15,0.25,40,150,,3,,,,59
,Trebuchet Construction Ship,,Alien_Con_Trebuchet,,,,,,enemyc,,,,,,,,,"mod=.7,arc=180,angle=180",,,,,,,,,,,,,,,,,,,1.15,250,,450,8,3,1,0.15,0.25,35,150,,3,,,,59
,Trebuchet Construction Ship v2,,Alien_Con_Trebuchet_v2,,,,,,enemyc,,,,,,,,,"mod=.7,arc=180,angle=180",,,,,,,,,,,,,,,,,,,1.15,1000,,450,8,3,1,0.15,0.25,40,150,,1,,,,27
,Catapult Construction Ship,,Alien_Con_Catapult,,,,,,enemyc,,,,,,,,,"mod=.7,arc=180,angle=180",,,,,,,,,,,,,,,,,,,1.15,250,,540,8,3,1,0.15,0.25,35,150,,1,,,,27
,Catapult Construction Ship v2,,Alien_Con_Catapult_v2,,,,,,enemyc,,,,,,,,,"mod=.7,arc=180,angle=180",,,,,,,,,,,,,,,,,,,1.15,1000,,540,8,3,1,0.15,0.25,40,150,,0,,,,2
,Capital Ship Ballista,,Alien_Ballista,,,,,,enemyc,,,,,,,,,"mod=.7,arc=180",3,50,0.5,25,,,,,,,,,,,,,,,1.15,500,,900,0,0,1,0.15,2,0,0,,7,,,,143
,Capital Ship Ballista v2,,Alien_Ballista_v2,,,,,,enemyc,,,,,,,,,"mod=.7,arc=180",3,50,0.5,25,,,,,,,,,,,,,,,1.15,2000,,900,0,0,1,0.15,2,0,0,,13,,,,258
,Capital Ship Trebuchet,,Alien_Trebuchet,,,,,,enemyc,,,,,,,,,"mod=.7,arc=180",2,50,0.5,50,,,,,,,,,,,,,,,1.15,500,,900,0,0,1,0.15,2,0,0,,9,,,,177
,Capital Ship Trebuchet v2,,Alien_Trebuchet_v2,,,,,,enemyc,,,,,,,,,"mod=.7,arc=180",2,50,0.5,50,,,,,,,,,,,,,,,1.15,2000,,900,0,0,1,0.15,2,0,0,,15,,,,292
,Capital Ship Catapult,,Alien_Catapult,,,,,,enemyc,,,,,,,,,"mod=.7,arc=180",1,50,0.5,30,,,,,,,,,,,,,,,1.15,500,,900,0,0,1,0.15,2,0,0,,4,,,,80
,Capital Ship Catapult v2,,Alien_Catapult_v2,,,,,,enemyc,,,,,,,,,"mod=.7,arc=180",1,50,0.5,30,,,,,,,,,,,,,,,1.15,2000,,900,0,0,1,0.15,2,0,0,,10,,,,195
,Shielded Mantis Fighter,,Alien_Med_Fighter_SH,,,,,,enemyf,,,,,,,,,"mod=.5,arc=360",,,,,,,,,,,,,,,,,,,1.5,30,,45,23,9,1,0.15,0.25,35,150,,,,,,6
,Shielded Mantis Fighter v2,,Alien_Med_Fighter_SH_v2,,,,,,enemyf,,,,,,,,,"mod=.5,arc=360",,,,,,,,,,,,,,,,,,,1.5,150,,45,90,36,1,0.15,0.25,50,150,,,,,,23
,Shielded Locust Fighter,,Alien_Large_Fighter_SH,,,,,,enemyf,,,,,,,,,"mod=.5,arc=360",,,,,,,,,,,,,,,,,,,1.5,90,,60,44,12,2,0.15,0.25,30,100,,,,,,14
,Shielded Locust Fighter v2,,Alien_Large_Fighter_SH_v2,,,,,,enemyf,,,,,,,,,"mod=.5,arc=360",,,,,,,,,,,,,,,,,,,1.5,450,,60,175,48,2,0.15,0.25,50,100,,,,,,62
,Shielded Dung Beetle Bomber,,Alien_Sm_Bomber_SH,,,,,,enemyb,,,,,,,,,"mod=.5,arc=360",,,,,,,,,,,,,,,,,,,1.5,150,,150,40,30,2,0.5,1,25,100,,1,,,,25
,Shielded Dung Beetle Bomber v2,,Alien_Sm_Bomber_SH_v2,,,,,,enemyb,,,,,,,,,"mod=.5,arc=360",,,,,,,,,,,,,,,,,,,1.5,750,,150,40,120,2,0.5,1,40,100,,4,,,,85
,Shielded Tarantula Bombers,,Alien_Med_Bomber_SH,,,,,,enemyb,,,,,,,,,"mod=.5,arc=360",,,,,,,,,,,,,,,,,,,1.5,200,,150,50,40,3,0.25,2,15,75,,2,,,,32
,Shielded Tarantula Bombers v2,,Alien_Med_Bomber_SH_v2,,,,,,enemyb,,,,,,,,,"mod=.5,arc=360",,,,,,,,,,,,,,,,,,,1.5,1000,,150,50,160,3,0.25,2,25,75,,6,,,,112
,Shielded Scorpion Bomber,,Alien_Lg_Bomber_SH,,,,,,enemyb,,,,,,,,,"mod=.5,arc=360",,,,,,,,,,,,,,,,,,,1.5,300,,150,61,50,3,0.15,2,10,50,,2,,,,44
,Shielded Scorpion Bomber v2,,Alien_Lg_Bomber_SH_v2,,,,,,enemyb,,,,,,,,,"mod=.5,arc=360",,,,,,,,,,,,,,,,,,,1.5,1500,,150,245,200,3,0.15,2,20,50,,10,,,,205
,Big Bertha with Shields,,Alien_Med_Artillery_SH,,,,,,enemyc,,,,,,,,,"mod=.5,arc=180",,,,,,,,,,,,,,,,,,,1.25,800,,350,63,200,1,0.15,3,10,50,,4,,,,100
,Big Bertha with Shields v2,,Alien_Med_Artillery_SH_v2,,,,,,enemyc,,,,,,,,,"mod=.5,arc=180",,,,,,,,,,,,,,,,,,,1.25,2400,,300,159,500,1,0.15,3,15,50,,4,,,,271
,,,,,,,,,,,,,,,,,,,,,,,,,,,,,,,,,,,,,,,,,,,,,,,,,,,,,
,Bonus Flying Saucer,,Alien_Credit_Saucer,,,,,,saucer,,,,,,,,,,,,,,,,,,,,,,,,,,,,,100,,2,0,0,1,0.15,1,25,50,,,1,,,1
,,,,,,,,,,,,,,,,,,,,,,,,,,,,,,,,,,,,,,,,,,,,,,,,,,,,,
,,,,,,,,,,,,,,,,,,,,,,,,,,,,,,,,,,,,,,,,,,,,,,,,,,,,,
,,,,,,,,,,,,,,,,,,,,,,,,,,,,,,,,,,,,,,,,,,,,,,,,,,,,,
,,,,,,,,,,,,,,,,,,,,,,,,,,,,,,,,,,,,,,,,,,,,,,,,,,,,,
,,,,,,,,,,,,,,,,,,,,,,,,,,,,,,,,,,,,,,,,,,,,,,,,,,,,,
,,,,,,,,,,,,,,,,,,,,,,,,,,,,,,,,,,,,,,,,,,,,,,,,,,,,,
,,,,,,,,,,,,,,,,,,,,,,,,,,,,,,,,,,,,,,,,,,,,,,,,,,,,,
,,,,,,,,,,,,,,,,,,,,,,,,,,,,,,,,,,,,,,,,,,,,,,,,,,,,,
,,,,,,,,,,,,,,,,,,,,,,,,,,,,,,,,,,,,,,,,,,,,,,,,,,,,,
,,,,,,,,,,,,,,,,,,,,,,,,,,,,,,,,,,,,,,,,,,,,,,,,,,,,,
,,,,,,,,,,,,,,,,,,,,,,,,,,,,,,,,,,,,,,,,,,,,,,,,,,,,,
,,,,,,,,,,,,,,,,,,,,,,,,,,,,,,,,,,,,,,,,,,,,,,,,,,,,,
,,,,,,,,,,,,,,,,,,,,,,,,,,,,,,,,,,,,,,,,,,,,,,,,,,,,,
,,,,,,,,,,,,,,,,,,,,,,,,,,,,,,,,,,,,,,,,,,,,,,,,,,,,,
,,,,,,,,,,,,,,,,,,,,,,,,,,,,,,,,,,,,,,,,,,,,,,,,,,,,,
,,,,,,,,,,,,,,,,,,,,,,,,,,,,,,,,,,,,,,,,,,,,,,,,,,,,,
,,,,,,,,,,,,,,,,,,,,,,,,,,,,,,,,,,,,,,,,,,,,,,,,,,,,,
,,,,,,,,,,,,,,,,,,,,,,,,,,,,,,,,,,,,,,,,,,,,,,,,,,,,,
,,,,,,,,,,,,,,,,,,,,,,,,,,,,,,,,,,,,,,,,,,,,,,,,,,,,,
,,,,,,,,,,,,,,,,,,,,,,,,,,,,,,,,,,,,,,,,,,,,,,,,,,,,,
,,,,,,,,,,,,,,,,,,,,,,,,,,,,,,,,,,,,,,,,,,,,,,,,,,,,,
,,,,,,,,,,,,,,,,,,,,,,,,,,,,,,,,,,,,,,,,,,,,,,,,,,,,,
,,,,,,,,,,,,,,,,,,,,,,,,,,,,,,,,,,,,,,,,,,,,,,,,,,,,,
Asteroids,,,,,,,,,,,,,,,,,,,,,,,,,,,,,,,,,,,,,,,,,,,,,,,,,,,,,
,Big,,Asteroid_Lg,,,,,,asteroid,,,,,,,,600,,,,,,,,,,,,,,,,,,,,,,,,,,,,,,,,,,,,
,Medium ,,Asteroid_Med,,,,,,asteroid,,,,,,,,600,,,,,,,,,,,,,,,,,,,,,,,,,,,,,,,,,,,,
,Small,,Asteroid_Sm,,,,,,asteroid,,,,,,,,20,,,,,,,,,,,,,,,,,,,,,,,,,,,,,,,,,,,,
,Tiny,,Asteroid_Tn,,,,,,asteroid,,,,,,,,20,,,,,,,,,,,,,,,,,,,,,,,,,,,,,,,,,,,,
,,,,,,,,,,,,,,,,,,,,,,,,,,,,,,,,,,,,,,,,,,,,,,,,,,,,,
Resources,,,,,,,,,,,,,,,,,,,,,,,,,,,,,,,,,,,,,,,,,,,,,,,,,,,,,
,Blue Crystal,,Resource_Lg,,,,,,resource,,,,,,,,,,,,,,,,,,,,,,,,,,,,,,,,,,,,,,,,,,1,10,
,Small Salvage,,Salvage_Sm,,,,,,resource,,,,,,,,,,,,,,,,,,,,,,,,,,,,,,,,,,,,,,,,,,1,1,
,Large Salvage,,Salvage_Lg,,,,,,resource,,,,,,,,,,,,,,,,,,,,,,,,,,,,,,,,,,,,,,,,,,1,5,
,Credit Salvage,,Salvage_Credit,,,,,,resource,,,,,,,,,,,,,,,,,,,,,,,,,,,,,,,,,,,,,,,,,,1,1,
,,,,,,,,,,,,,,,,,,,,,,,,,,,,,,,,,,,,,,,,,,,,,,,,,,,,,
Escape Pods,,,,,,,,,,,,,,,,,,,,,,,,,,,,,,,,,,,,,,,,,,,,,,,,,,,,,
,Small Engineer Pod,,Escape_Pod_Egn_Sm,,,,,,survivor,,,,,,,,450,,,,,,,,,,,,,,,,,,,,,,,,,,,,,,,,,,3,0.15,
,Medium Engineer Pod,,Escape_Pod_Egn_Med,,,,,,survivor,,,,,,,,450,,,,,,,,,,,,,,,,,,,,,,,,,,,,,,,,,,6,0.25,
,Large Engineer Pod,,Escape_Pod_Egn_Lg,,,,,,survivor,,,,,,,,450,,,,,,,,,,,,,,,,,,,,,,,,,,,,,,,,,,9,0.4,
,Small Miner Pod,,Escape_Pod_Mn_Sm,,,,,,survivor,,,,,,,,450,,,,,,,,,,,,,,,,,,,,,,,,,,,,,,,,,,3,10,
,Medium Miner Pod,,Escape_Pod_Mn_Med,,,,,,survivor,,,,,,,,450,,,,,,,,,,,,,,,,,,,,,,,,,,,,,,,,,,6,15,
,Large Miner Pod,,Escape_Pod_Mn_Lg,,,,,,survivor,,,,,,,,450,,,,,,,,,,,,,,,,,,,,,,,,,,,,,,,,,,9,20,